{"cameraMode":{"drawMode":0,"name":"Shaded","section":"Shading Mode"},"sceneLighting":false,"audioPlay":false,"sceneViewState":{"showFog":true,"showMaterialUpdate":false,"showSkybox":true,"showFlares":true,"showImageEffects":true,"showParticleSystems":true},"in2DMode":false,"pivot":{"x":23.466047286987306,"y":-27.920766830444337,"z":1.7613601684570313},"rotation":{"x":-0.1289307028055191,"y":0.01695363037288189,"z":-0.0022044554352760317,"w":-0.9915070533752441},"size":20.16214942932129,"orthographic":false}