{"cameraMode":{"drawMode":0,"name":"Shaded","section":"Shading Mode"},"sceneLighting":false,"audioPlay":false,"sceneViewState":{"showFog":true,"showMaterialUpdate":false,"showSkybox":true,"showFlares":true,"showImageEffects":true,"showParticleSystems":true},"in2DMode":false,"pivot":{"x":8.80699348449707,"y":-30.182641983032228,"z":-6.1028289794921879},"rotation":{"x":-0.09765145182609558,"y":-0.006869953591376543,"z":0.000674301409162581,"w":-0.9951983094215393},"size":25.127431869506837,"orthographic":false}