{"cameraMode":{"drawMode":0,"name":"Shaded","section":"Shading Mode"},"sceneLighting":false,"audioPlay":false,"sceneViewState":{"showFog":true,"showMaterialUpdate":false,"showSkybox":true,"showFlares":true,"showImageEffects":true,"showParticleSystems":true},"in2DMode":false,"pivot":{"x":5.95118522644043,"y":-20.87403678894043,"z":3.0269927978515627},"rotation":{"x":-0.1289307028055191,"y":0.01695363037288189,"z":-0.0022044554352760317,"w":-0.9915070533752441},"size":31.394390106201173,"orthographic":false}