{"cameraMode":{"drawMode":0,"name":"Shaded","section":"Shading Mode"},"sceneLighting":false,"audioPlay":false,"sceneViewState":{"showFog":true,"showMaterialUpdate":false,"showSkybox":true,"showFlares":true,"showImageEffects":true,"showParticleSystems":true},"in2DMode":false,"pivot":{"x":4.209866523742676,"y":-24.613582611083986,"z":17.00042724609375},"rotation":{"x":0.0146556431427598,"y":-0.06834228336811066,"z":-0.0010040955385193229,"w":-0.9975550174713135},"size":625.2595825195313,"orthographic":false}